spec,site
56,Jowell Farm
63,Jowell Farm
66,Jowell Farm
70,Jowell Farm
72,Jowell Farm
74,Jowell Farm
75,Jowell Farm
76,Jowell Farm
78,Jowell Farm
79,Jowell Farm
80,Jowell Farm
millsap1,Millsap Cache
millsap2,Millsap Cache
millsap3,Millsap Cache
millsap4,Millsap Cache
millsap5,Millsap Cache
millsap6,Millsap Cache
millsap7,Millsap Cache
millsap8,Millsap Cache
millsap9,Millsap Cache
millsap10,Millsap Cache
millsap11,Millsap Cache
millsap12,Millsap Cache
millsap13,Millsap Cache
millsap14,Millsap Cache
millsap15,Millsap Cache
millsap16,Millsap Cache
millsap17,Millsap Cache
millsap18,Millsap Cache
millsap19,Millsap Cache
